-1	-1	2024	-1	-1	-1	100	100	0	100	100	100
1073	-1	2024	-1	3703	-1	0	100	2	100	1	100
1077	-1	2033	-1	3709	-1	0	100	2	100	1	100
1128	-1	2010	3549	3700	-1	0	100	3	2	1	100
1075	-1	2007	3549	3682	-1	0	100	2	5	1	100
1072	-1	2016	3546	3688	-1	0	100	3	2	1	100
1072	-1	2016	3541	3683	-1	3	100	6	0	1	100
1072	-1	2016	3546	3679	2069	6	100	9	0	2	1
920	-1	2016	3546	3671	2069	0	100	11	2	1	3
1068	-1	2016	3546	3671	2069	0	100	13	4	1	5
1176	-1	2016	3550	3558	2069	0	100	16	2	1	8
1169	-1	2043	3548	3667	2069	0	100	3	2	1	12
1169	-1	2046	3541	3664	2069	0	100	3	2	1	16
1170	-1	2016	3548	3660	2049	0	100	4	3	2	1
1171	-1	2041	3548	3660	2056	0	100	2	6	5	1
1172	-1	2041	3548	3660	2056	0	100	3	7	6	2
1172	-1	1995	3548	3660	2051	0	100	2	10	9	1
1172	-1	1984	3548	3660	2051	0	100	1	12	11	3
1171	-1	2015	3544	3664	2051	0	100	3	2	1	7
1170	-1	2036	3536	3664	2051	0	100	2	1	4	10
1164	-1	2034	3536	3661	2051	0	100	2	4	1	13
1159	-1	2036	3536	3662	2051	0	100	2	7	1	16
1162	-1	2036	3536	3657	2051	0	100	4	9	1	18
1052	-1	2034	3536	3650	2051	0	100	2	12	1	21
1077	-1	2007	3536	3650	2051	0	100	1	14	3	23
1044	-1	2001	3536	3650	2051	0	100	1	16	5	25
1072	-1	2030	3536	3645	2051	0	100	2	19	1	28
1159	-1	2029	3536	3646	2051	0	100	2	22	1	31
1102	-1	2029	3536	3647	2051	0	100	2	25	1	34
1157	-1	2007	3536	3648	2051	0	100	2	28	1	37
1158	-1	2035	3536	3648	2051	0	100	1	30	3	39
1163	-1	2033	3536	3657	2051	0	100	2	33	1	42
1168	-1	2016	3532	3548	2051	0	100	3	2	1	46
1165	-1	2037	3536	3484	2051	0	100	3	2	1	50
1139	-1	2038	3536	3536	1956	0	100	4	3	2	1
1108	-1	2042	3538	3663	1956	0	100	3	2	1	5
1179	-1	2044	3539	3663	1956	0	100	3	2	1	9
1168	-1	2043	3543	3663	1956	0	100	2	1	4	12
1178	-1	2044	3544	3665	2069	0	100	4	3	2	1
1178	-1	2049	3544	3674	2067	4	100	0	7	2	1
1178	-1	2043	3545	3676	1865	8	100	0	3	2	1
1067	-1	2043	3545	3556	1869	0	100	3	6	2	1
1098	-1	2045	3545	3674	1869	0	100	2	9	1	4
1176	-1	2045	3542	3674	2064	0	100	3	2	5	1
1178	-1	2044	3542	3664	2059	0	100	3	6	2	1
1172	-1	2045	3541	3613	1871	0	100	4	3	2	1
1172	-1	2046	3542	3675	1822	5	100	0	3	2	1
1172	-1	2045	3544	3672	1822	8	100	0	2	1	4
1060	-1	2045	3548	3547	1822	0	100	3	2	1	7
1060	-1	2050	3548	3665	1822	3	100	0	5	1	10
1057	-1	2050	3549	3684	1957	0	100	4	3	2	1
1052	-1	2048	3552	3675	1957	0	100	3	2	1	5
1058	-1	2055	3549	3553	1957	0	100	3	2	1	9
1049	-1	2056	3555	3673	1957	0	100	3	2	1	13
1048	-1	2055	3555	3673	1957	0	100	1	4	3	15
1048	-1	2057	3562	3673	1957	3	100	0	1	6	18
1048	-1	2052	3562	3677	1957	5	100	0	3	1	20
1048	-1	2053	3562	3677	1957	6	100	0	4	2	21
1048	-1	2035	3562	3688	1957	8	100	0	6	1	23
1048	-1	2054	3562	3682	1957	10	100	0	8	1	25
1048	-1	2054	3562	3680	1957	12	100	2	10	0	27
1048	-1	2032	3562	3680	2071	14	100	0	12	2	1
1048	-1	2051	3562	3683	2071	16	100	0	14	1	3
1048	-1	2028	3562	3584	2071	18	100	0	16	1	5
1048	-1	2028	3562	3681	2071	20	100	2	18	0	7
1048	-1	2053	3562	3681	2071	21	100	0	19	1	8
1051	-1	2053	3562	3682	2065	0	100	3	22	2	1
1051	-1	2060	3556	3693	2065	4	100	0	2	1	5
1050	-1	2060	3556	3713	2065	0	100	2	4	1	7
1051	-1	2055	3561	3691	2065	0	100	3	2	1	11
1051	-1	2047	3561	3686	2065	3	100	0	5	1	14
1073	-1	2047	3554	3675	2065	0	100	3	2	1	17
1078	-1	2047	3551	3679	2065	0	100	6	2	1	20
1087	-1	2039	3552	3680	2065	0	100	3	2	1	24
1090	-1	2039	3540	3683	2065	0	100	6	2	1	27
1100	-1	2039	3534	3683	2065	0	100	8	1	3	29
1100	-1	2039	3549	3683	2065	2	100	10	0	5	31
1122	-1	2039	3549	3688	2065	0	100	12	2	1	33
1129	-1	2001	3549	3679	2065	0	100	2	5	1	36
1129	-1	1976	3553	3679	2065	2	100	0	1	3	38
1149	-1	1976	3553	3683	2065	0	100	2	3	1	40
1159	-1	1976	3553	3690	2145	0	100	5	6	2	1
1170	-1	1942	3553	3690	2145	0	100	1	8	4	3
1178	-1	1922	3553	3690	2139	0	100	2	11	7	1
1196	-1	1944	3553	3690	2139	0	100	1	13	9	3
1205	-1	1944	3553	3690	2139	0	100	2	14	10	4
1221	-1	1921	3553	3690	2139	0	100	1	16	12	6
1232	-1	1919	3553	3690	2139	0	100	1	18	14	8
1243	-1	1919	3553	3690	2139	0	100	2	19	15	9
1243	-1	1880	3553	3690	2139	2	100	0	21	17	11
1273	-1	1880	3553	3690	2139	0	100	1	22	18	12
1290	-1	1873	3553	3747	2139	0	100	2	25	1	15
1308	-1	1864	3553	3747	2139	0	100	1	27	3	17
1319	-1	1864	3553	3747	2139	0	100	2	28	4	18
1385	-1	1864	3553	3710	2139	0	100	4	30	1	20
1347	-1	1864	3553	3710	2139	0	100	5	31	2	21
1425	-1	1864	3553	3737	2139	0	100	7	33	1	23
1426	-1	1793	3553	3739	2139	0	100	2	36	1	26
1440	-1	1793	3553	3739	2139	0	100	3	37	2	27
1454	-1	1789	3553	3747	2139	0	100	2	40	1	30
1465	-1	1789	3553	3632	2139	0	100	4	42	1	32
1502	-1	1789	3553	3527	2139	0	100	6	44	1	34
1126	-1	1756	3553	3779	2139	0	100	2	47	1	37
1517	-1	1756	3553	3779	2300	0	100	4	49	3	1
1493	-1	1756	3553	3779	2308	0	100	6	51	5	1
1523	-1	1756	3553	3779	2310	0	100	8	53	7	1
1596	-1	1731	3553	3779	2333	0	100	2	56	10	1
1562	-1	1731	3553	3779	2333	0	100	3	57	11	2
1580	-1	1731	3553	3783	2333	0	100	5	59	1	4
1597	-1	1731	3553	3783	2333	0	100	6	60	2	5
1621	-1	1731	3553	3798	2333	0	100	8	62	1	7
1635	-1	1731	3553	3795	2333	0	100	10	64	1	9
1652	-1	1675	3553	3795	2333	0	100	1	66	3	11
1564	-1	1675	3553	3795	2368	0	100	3	68	5	1
1680	-1	1675	3553	3795	2379	0	100	5	70	7	1
1694	-1	1651	3553	3795	2383	0	100	2	73	10	1
1712	-1	1651	3553	3795	2414	0	100	4	75	12	1
1733	-1	1651	3553	3795	2405	0	100	6	77	14	1
1754	-1	1651	3553	3795	2405	0	100	7	78	15	2
1764	-1	1651	3310	3795	2433	0	100	10	2	18	1
1780	-1	1651	3310	3795	2450	0	100	12	4	20	1
1780	-1	1651	3310	3824	2426	3	100	15	7	0	1
1802	-1	1651	3310	3824	2433	0	100	17	9	2	1
1820	-1	1651	3310	3807	2426	0	100	20	12	2	1
1834	-1	1651	3310	3807	2483	0	100	22	14	4	1
1852	-1	1651	3310	3784	2483	0	100	24	16	1	3
1875	-1	1651	3310	3784	2483	0	100	25	17	2	4
1911	-1	1651	3310	3784	2483	0	100	26	18	3	5
1911	-1	1651	3310	3784	2465	2	100	28	20	5	0
1892	-1	1651	3310	3784	2465	0	100	29	21	6	1
1911	-1	1651	3310	3784	2453	0	100	31	23	8	1
1916	-1	1651	3310	3784	2454	0	100	33	25	10	1
1968	-1	1651	3185	3784	2460	0	100	36	2	13	1
1933	-1	1651	3185	3784	2460	0	100	37	3	14	2
1938	-1	1651	3185	3784	2460	0	100	38	4	15	3
1950	-1	1651	3185	3784	2460	0	100	39	5	16	4
1977	-1	1651	3185	3784	2460	0	100	40	6	17	5
2000	-1	1651	3185	3756	2460	0	100	42	8	1	7
2078	-1	1651	3185	3769	2453	0	100	45	11	2	1
2060	-1	1651	3185	3769	2453	0	100	46	12	3	2
1999	-1	1651	3185	3745	2453	0	100	48	14	1	4
575	-1	1651	3185	3745	2453	0	100	49	15	2	5
2027	-1	1651	3185	3750	2449	0	100	52	18	2	1
2028	-1	1651	3185	3747	2444	0	100	55	21	2	1
2047	-1	1651	3185	3676	2444	0	100	57	23	1	3
2086	-1	1651	3185	3665	2438	0	100	60	26	2	1
2107	-1	1651	3185	3662	2440	0	100	63	29	2	1
2095	-1	1181	3185	3662	2437	0	100	2	32	5	1
2148	-1	1181	3185	3634	2462	0	100	5	35	2	1
2074	-1	1181	3185	3626	2433	0	100	8	38	2	1
2091	-1	1201	2927	3626	2434	0	100	3	2	6	1
2112	-1	1201	2927	3626	2409	0	100	5	4	8	1
2075	-1	1201	2927	3626	2400	0	100	7	6	10	1
2109	-1	1137	2927	3626	2348	0	100	2	9	13	1
2072	-1	1137	2927	3626	2404	0	100	4	11	15	1
1973	-1	1137	2927	3626	2355	0	100	6	13	17	1
2070	-1	1137	2927	3626	2302	0	100	8	15	19	1
2077	-1	1137	2927	3626	2291	0	100	10	17	21	1
2086	-1	1137	2927	3480	2291	0	100	12	19	1	3
2080	-1	1044	2927	3480	2291	0	100	1	21	3	5
2106	-1	1050	2780	3433	2291	0	100	3	2	1	9
2099	-1	1030	2761	3416	2291	0	100	3	2	1	13
2137	-1	1018	2745	3403	2221	0	100	4	3	2	1
2070	-1	1008	2739	3403	2206	0	100	3	2	6	1
2099	-1	997	2739	3403	2263	0	100	2	5	9	1
2054	-1	980	2739	3356	2195	0	100	3	9	2	1
2050	-1	968	2739	3340	2175	0	100	3	13	2	1
2118	-1	968	2739	3339	2175	0	100	5	15	1	3
2135	-1	953	2739	3328	2175	0	100	2	18	1	6
2103	-1	953	2739	3328	2175	0	100	3	19	2	7
2036	-1	932	2739	3283	2175	0	100	2	22	1	10
2126	-1	932	2739	3258	2135	0	100	5	25	2	1
2120	-1	932	2739	3243	2115	0	100	8	28	2	1
2025	-1	912	2739	3227	2067	0	100	3	32	2	1
2013	-1	886	2739	3204	2067	0	100	2	35	1	4
2010	-1	886	2739	3196	2035	0	100	5	38	2	1
2006	-1	875	2739	3181	2017	0	100	3	42	2	1
1996	-1	875	2739	3161	2008	0	100	6	45	2	1
1995	-1	863	2739	3150	1997	0	100	3	49	2	1
1997	-1	860	2536	3150	1977	0	100	3	2	6	1
2038	-1	859	2536	3150	1957	0	100	2	5	9	1
1994	-1	859	2536	3096	1946	0	100	5	8	2	1
1999	-1	842	2496	3096	1930	0	100	3	2	6	1
1998	-1	845	2496	3096	1930	0	100	1	4	8	3
2093	-1	836	2496	3096	1930	0	100	1	6	10	5
1989	-1	829	2466	3030	1889	0	100	4	3	2	1
1984	-1	817	2463	3030	1889	0	100	2	1	5	4
1980	-1	832	2444	3030	1854	0	100	3	2	9	1
1973	-1	832	2444	2982	1839	0	100	3	6	2	1
1973	-1	825	2417	2981	1826	0	100	4	3	2	1
1974	-1	794	2417	2946	1821	0	100	3	7	2	1
1960	-1	821	2417	2927	1816	0	100	3	11	2	1
1966	-1	827	2417	2914	1788	0	100	3	15	2	1
1963	-1	828	2417	2896	1779	0	100	3	19	2	1
1959	-1	837	2383	2896	1788	0	100	3	2	6	1
1959	-1	846	2368	2864	1720	0	100	4	3	2	1
1959	-1	794	2358	2847	1727	0	100	4	3	2	1
1955	-1	829	2358	2829	1727	0	100	2	6	1	4
1955	-1	849	2358	2829	1700	0	100	2	9	4	1
1955	-1	863	2358	2804	1683	0	100	3	13	2	1
1951	-1	788	2318	2794	1723	0	100	4	3	2	1
1771	-1	790	2310	2794	1723	0	100	2	1	5	4
1953	-1	793	2308	2755	1723	0	100	3	2	1	8
1953	-1	795	2201	2739	1630	0	100	4	3	2	1
1953	-1	789	2279	2719	1624	0	100	4	3	2	1
1957	-1	788	2279	2719	1624	0	100	1	5	4	3
1957	-1	786	2279	2719	1587	0	100	2	8	7	1
1948	-1	786	2279	2672	1570	0	100	3	12	2	1
1954	-1	789	2279	2650	1552	0	100	3	16	2	1
1952	-1	789	2114	2641	1530	0	100	7	3	2	1
1966	-1	790	2114	2641	1525	0	100	2	6	5	1
1608	-1	793	2114	2600	1510	0	100	3	10	2	1
1959	-1	803	2200	2577	1497	0	100	4	3	2	1
1963	-1	806	2200	2559	1488	0	100	3	7	2	1
1961	-1	814	2200	2559	1476	0	100	2	10	5	1
1959	-1	817	2181	2532	1462	0	100	4	3	2	1
1956	-1	827	2174	2519	1450	0	100	4	3	2	1
1953	-1	833	2170	2500	1441	0	100	4	3	2	1
1955	-1	839	2165	2479	1433	0	100	4	3	2	1
1952	-1	848	2154	2461	1406	0	100	4	3	2	1
1955	-1	854	2154	2461	1425	0	100	2	6	5	1
1838	-1	870	2131	2429	1425	0	100	3	2	1	5
1843	-1	874	2127	2417	1351	0	100	4	3	2	1
1948	-1	888	2132	2417	1338	0	100	3	2	6	1
1835	-1	899	2132	2378	1314	0	100	3	6	2	1
1948	-1	844	2124	2359	1298	0	100	4	3	2	1
1951	-1	923	2104	2344	1283	0	100	4	3	2	1
1944	-1	932	2108	2328	1277	0	100	4	3	2	1
1945	-1	942	2111	2328	1287	0	100	3	2	6	1
1948	-1	953	2093	2328	1243	0	100	3	2	10	1
1954	-1	966	2087	2279	1225	0	100	4	3	2	1
1965	-1	966	2082	2256	1213	0	100	8	3	2	1
1966	-1	991	2074	2235	1201	0	100	4	3	2	1
1969	-1	881	2061	2223	1190	0	100	4	3	2	1
1977	-1	881	2069	2223	1166	0	100	7	2	5	1
2003	-1	1022	2058	2174	1152	0	100	4	3	2	1
1998	-1	1022	2050	2150	1133	0	100	8	3	2	1
1995	-1	1050	2020	2138	1115	0	100	4	3	2	1
2002	-1	1063	2009	2138	1099	0	100	3	2	6	1
2017	-1	1076	1999	2097	1127	0	100	4	3	2	1
1772	-1	1079	1999	2069	1078	0	100	3	7	2	1
2027	-1	1094	1985	2053	1072	0	100	4	3	2	1
2033	-1	1101	1990	2036	1061	0	100	4	3	2	1
1926	-1	1117	1990	2032	1047	0	100	3	7	2	1
2046	-1	1117	1983	2020	1039	0	100	7	3	2	1
2056	-1	1140	1983	2020	1036	0	100	3	2	6	1
2069	-1	1140	1983	1996	1025	0	100	6	5	2	1
2070	-1	1158	1983	1984	1019	0	100	3	9	2	1
2077	-1	1164	1983	1984	1008	0	100	2	12	5	1
2074	-1	1174	1964	1957	1003	0	100	4	3	2	1
2076	-1	1183	1962	1957	990	0	100	3	2	6	1
2070	-1	1200	1962	1925	989	0	100	4	3	2	1
2080	-1	1204	1957	1925	979	0	100	3	2	6	1
2095	-1	1213	1952	1900	969	0	100	4	3	2	1
2106	-1	214748364	1948	1891	964	0	100	4	3	2	1
2103	-1	1235	1947	1881	951	0	100	4	3	2	1
2105	-1	1242	1949	1881	945	0	100	3	2	6	1
2110	-1	1253	1945	1863	941	0	100	4	3	2	1
2107	-1	1255	1946	1851	937	0	100	4	3	2	1
2103	-1	1258	1946	1839	933	0	100	3	7	2	1
2108	-1	1259	1946	1835	934	0	100	3	11	2	1
2100	-1	1259	1936	1823	927	0	100	7	3	2	1
2098	-1	1259	1936	214748364	922	0	100	10	6	2	1
2106	-1	1279	1936	1824	920	0	100	3	10	2	1
2098	-1	1281	1936	1815	757	0	100	3	14	2	1
2101	-1	1279	1936	1823	911	0	100	3	18	2	1
2104	-1	1279	1936	1817	910	0	100	6	21	2	1
2094	-1	1279	1936	1816	907	0	100	9	24	2	1
2093	-1	1279	1936	1699	904	0	100	12	27	2	1
2092	-1	1279	1936	1818	905	0	100	15	30	2	1
2093	-1	1296	1948	1825	902	0	100	4	3	2	1
2091	-1	1294	1948	1826	900	0	100	3	7	2	1
2086	-1	1294	1948	1827	894	0	100	6	10	2	1
2084	-1	1303	1955	1626	888	0	100	4	3	2	1
2081	-1	1301	1955	1831	885	0	100	3	7	2	1
2081	-1	1299	1955	1831	888	0	100	3	11	2	1
2079	-1	1310	1955	1831	885	0	100	3	15	2	1
2030	-1	1304	1955	1831	887	0	100	3	19	2	1
2075	-1	1301	1955	1833	885	0	100	3	23	2	1
2077	-1	1303	1955	1833	882	0	100	3	27	2	1
2075	-1	1309	1955	1832	883	0	100	3	31	2	1
2079	-1	1309	1955	1834	880	0	100	3	35	2	1
2083	-1	1314	1955	1835	881	0	100	3	39	2	1
2079	-1	1313	1955	1838	881	0	100	3	43	2	1
2080	-1	1315	1955	1781	885	0	100	3	47	2	1
2089	-1	1310	1955	1781	890	0	100	2	50	5	1
2099	-1	1296	1955	1822	899	0	100	3	54	2	1
2108	-1	1293	1955	1809	911	0	100	3	58	2	1
2119	-1	1277	1946	1822	921	0	100	4	3	2	1
2116	-1	1271	1946	1825	934	0	100	3	7	2	1
2123	-1	1271	1926	1834	943	0	100	7	3	2	1
2117	-1	1255	1921	1830	942	0	100	4	3	2	1
2117	-1	1252	1820	1840	939	5	100	0	3	2	1
2120	-1	1252	1927	1837	941	0	100	4	3	2	1
2116	-1	1261	1928	1837	938	0	100	3	2	6	1
2115	-1	1268	1936	1834	931	0	100	4	3	2	1
2115	-1	1265	1948	1704	920	0	100	4	3	2	1
2108	-1	1284	2000	1830	912	0	100	4	3	2	1
2102	-1	1287	1971	1830	900	0	100	4	3	2	1
2096	-1	1287	1971	1834	901	0	100	7	6	2	1
2090	-1	1287	1971	1834	896	0	100	10	9	2	1
2090	-1	1287	1971	1837	894	0	100	13	12	2	1
2079	-1	1287	1971	1844	894	0	100	16	15	2	1
2079	-1	1307	1971	1823	892	0	100	3	19	2	1
2084	-1	1305	1971	1850	887	0	100	3	23	2	1
2076	-1	1311	1971	1848	889	0	100	3	27	2	1
2076	-1	1309	1971	1845	886	0	100	3	31	2	1
2075	-1	1307	1971	1843	886	0	100	3	35	2	1
2072	-1	1312	1971	1846	881	0	100	3	39	2	1
2071	-1	1313	1971	1845	879	0	100	3	43	2	1
2071	-1	1314	1971	1845	879	0	100	3	47	2	1
2067	-1	1311	1971	1846	879	0	100	3	51	2	1
2066	-1	1311	1971	1844	880	0	100	3	55	2	1
2068	-1	1310	1971	1847	880	0	100	3	59	2	1
2070	-1	1315	1971	1843	880	0	100	3	63	2	1
2070	-1	1315	1971	1842	881	0	100	3	67	2	1
2070	-1	1311	1971	1843	882	0	100	3	71	2	1
2066	-1	1309	1971	1841	881	0	100	3	75	2	1
2068	-1	1306	1971	1843	879	0	100	3	79	2	1
2068	-1	1310	1971	1841	881	0	100	3	83	2	1
2071	-1	1306	1971	1841	882	0	100	3	87	2	1
2070	-1	1307	1971	1844	884	0	100	3	91	2	1
2072	-1	1311	1971	1841	883	0	100	3	95	2	1
2072	-1	1308	1971	1840	879	0	100	3	99	2	1
2069	-1	1304	1971	1844	882	0	100	3	100	2	1
2070	-1	1303	1971	1846	881	0	100	3	100	2	1
2067	-1	1303	1971	1842	881	0	100	3	100	2	1
2072	-1	1306	1971	1840	884	0	100	3	100	2	1
2070	-1	1274	1971	1848	887	0	100	3	100	2	1
2074	-1	1189	1971	1842	883	0	100	3	100	2	1
2073	-1	1062	1971	1845	886	0	100	3	100	2	1
2074	-1	1189	1971	1839	888	0	100	3	100	2	1
2069	-1	1301	1971	1846	884	0	100	3	100	2	1
2076	-1	1302	1971	1840	882	0	100	3	100	2	1
2072	-1	1300	1971	1844	884	0	100	3	100	2	1
2074	-1	1303	1971	1840	890	0	100	3	100	2	1
2077	-1	1304	1971	1843	888	0	100	3	100	2	1
2079	-1	1307	1971	1845	889	0	100	3	100	2	1
2078	-1	1306	1971	1849	887	0	100	3	100	2	1
2077	-1	1306	1971	1843	888	0	100	3	100	2	1
2075	-1	1306	1971	1841	888	0	100	3	100	2	1
2074	-1	1191	1971	1841	884	0	100	3	100	2	1
2077	-1	1093	1971	1841	890	0	100	3	100	2	1
2080	-1	1307	1971	1836	886	0	100	3	100	2	1
2079	-1	1308	1971	1841	884	0	100	3	100	2	1
2078	-1	1311	1971	1838	880	0	100	3	100	2	1
2081	-1	1310	1971	1837	887	0	100	3	100	2	1
2082	-1	1308	1971	1837	886	0	100	3	100	2	1
2082	-1	1307	1971	1838	888	4	100	0	100	2	1
2082	-1	1306	1971	1834	889	7	100	0	100	2	1
2082	-1	1309	1971	1710	885	10	100	0	100	2	1
2080	-1	1309	1971	1834	885	0	100	3	100	2	1
2081	-1	1303	1971	1834	888	0	100	3	100	2	1
2083	-1	1306	1971	1833	890	0	100	3	100	2	1
2087	-1	1306	1971	1834	892	0	100	6	100	2	1
2094	-1	1307	1971	1824	890	0	100	3	100	2	1
2101	-1	1303	1971	1819	894	0	100	3	100	2	1
2113	-1	1303	1999	1813	899	0	100	4	3	2	1
2109	-1	1304	1959	1803	894	0	100	4	3	2	1
2108	-1	1310	1850	1798	896	0	100	4	3	2	1
2110	-1	1314	1954	1787	891	0	100	4	3	2	1
2111	-1	1324	1941	1779	893	0	100	4	3	2	1
2117	-1	1336	1941	1767	885	0	100	3	7	2	1
2141	-1	1339	1934	1761	877	0	100	4	3	2	1
2151	-1	1352	1932	1741	871	0	100	4	3	2	1
2163	-1	1362	1930	1731	873	0	100	4	3	2	1
2166	-1	1362	1927	1715	868	0	100	8	3	2	1
2167	-1	1385	1927	1715	861	0	100	2	6	5	1
2164	-1	1385	1927	1693	858	0	100	5	9	2	1
2160	-1	1405	1927	1676	844	0	100	3	13	2	1
2173	-1	1413	1929	1658	840	0	100	4	3	2	1
2182	-1	1413	1929	1643	834	0	100	7	6	2	1
2196	-1	1413	1919	1630	831	0	100	11	3	2	1
2093	-1	1413	1919	1613	829	0	100	14	6	2	1
2218	-1	1461	1811	1593	814	0	100	4	3	2	1
2226	-1	1480	1924	1580	811	0	100	4	3	2	1
2230	-1	1480	1919	1560	802	0	100	8	3	2	1
2231	-1	1264	1916	1547	805	0	100	4	3	2	1
2240	-1	1264	1919	1539	801	0	100	8	3	2	1
2135	-1	1542	1925	1527	803	0	100	4	3	2	1
2257	-1	1550	1925	1525	798	0	100	3	7	2	1
2266	-1	1566	1925	1496	789	0	100	3	11	2	1
2278	-1	1579	1925	1492	792	0	100	3	15	2	1
2288	-1	1589	1914	1475	785	0	100	4	3	2	1
2299	-1	1608	1915	1458	799	0	100	4	3	2	1
2186	-1	1614	1910	1442	819	0	100	4	3	2	1
2319	-1	1614	1910	1426	793	0	100	7	6	2	1
2328	-1	1636	1910	1415	827	0	100	3	10	2	1
2340	-1	1636	1910	1397	789	0	100	6	13	2	1
2340	-1	1671	1910	1386	779	4	100	0	17	2	1
2362	-1	1671	1910	1370	792	0	100	3	20	2	1
2372	-1	1687	1913	1354	819	0	100	4	3	2	1
2380	-1	1699	1913	1339	815	0	100	4	3	2	1
2385	-1	1718	1910	1321	806	0	100	4	3	2	1
2156	-1	1736	1907	1297	796	0	100	4	3	2	1
2411	-1	1737	1910	1280	832	0	100	4	3	2	1
2421	-1	1737	1892	1265	819	0	100	8	3	2	1
2427	-1	1780	1911	1218	814	0	100	4	3	2	1
2435	-1	1780	1911	1233	816	0	100	7	6	2	1
2435	-1	1818	1911	1218	804	4	100	0	10	2	1
2435	-1	1818	1933	1206	787	8	100	4	0	2	1
2469	-1	1818	1933	1202	824	0	100	7	3	2	1
2481	-1	1818	1937	1189	720	0	100	11	3	2	1
2502	-1	1864	1929	1175	720	0	100	3	2	1	5
2521	-1	1863	1934	1156	720	0	100	3	2	1	9
2497	-1	1891	1925	1143	827	0	100	4	3	2	1
2497	-1	1906	1925	1125	827	3	100	0	6	1	4
2522	-1	1906	1925	1100	827	0	100	2	8	1	6
2522	-1	1937	1932	1066	827	4	100	3	2	0	10
2546	-1	1937	1932	1066	827	0	100	4	3	1	11
2566	-1	1976	1936	1054	827	0	100	3	2	1	15
2580	-1	1984	1940	1037	827	0	100	3	2	1	19
2590	-1	1989	1944	906	827	0	100	3	2	1	23
2601	-1	2006	1944	998	827	0	100	2	5	1	26
2610	-1	2026	1952	1000	896	0	100	4	3	2	1
2620	-1	2026	1952	983	896	0	100	6	5	1	3
2631	-1	2026	1952	966	896	0	100	8	7	1	5
2661	-1	2062	1952	959	896	0	100	2	10	1	8
2667	-1	2062	1952	939	896	0	100	4	12	1	10
2667	-1	2113	1952	911	896	3	100	0	15	1	13
2667	-1	2121	1952	902	896	5	100	0	17	1	15
2667	-1	2146	1976	902	896	7	100	0	1	3	17
2667	-1	2147	1978	866	896	10	100	0	2	1	20
2717	-1	2147	1978	860	999	0	100	3	5	2	1
2717	-1	2169	1978	842	1006	4	100	0	9	2	1
2516	-1	2169	1978	815	1019	0	100	3	12	2	1
2772	-1	2196	1977	802	1019	0	100	3	2	1	5
2765	-1	2210	1977	781	1024	0	100	3	6	2	1
2805	-1	2230	1977	766	1024	0	100	2	9	1	4
2817	-1	2230	1977	746	1024	0	100	4	11	1	6
2817	-1	2230	2001	742	1024	3	100	7	0	1	9
2817	-1	2279	2001	728	1024	5	100	0	2	1	11
2817	-1	2299	2001	713	1024	7	100	0	4	1	13
2817	-1	2312	2004	694	1024	10	100	0	2	1	16
2817	-1	2312	1995	689	1024	12	100	2	0	1	18
2817	-1	2312	1995	662	1024	14	100	4	2	0	20
2912	-1	2312	1995	662	1024	0	100	5	3	1	21
2912	-1	2340	1995	642	1024	3	100	0	6	1	24
2912	-1	2349	1995	624	1024	5	100	0	8	1	26
2912	-1	2365	1989	624	1024	7	100	0	1	3	28
2912	-1	2366	1972	590	1024	10	100	0	2	1	31
2912	-1	2366	1987	567	1024	13	100	3	0	1	34
2912	-1	2313	1987	557	1024	15	100	0	2	1	36
2912	-1	2391	214748364	536	1024	18	100	0	2	1	39
2912	-1	2391	1974	536	1292	21	100	3	0	4	1
2912	-1	2372	1974	509	1292	23	100	0	2	1	3
2912	-1	2477	1897	484	1292	26	100	0	2	1	6
2912	-1	2437	1978	467	1292	29	100	0	2	1	9
2912	-1	2437	1972	455	1292	32	100	3	0	1	12
2912	-1	2486	1972	437	1292	34	100	0	2	1	14
2912	-1	2470	1967	426	1292	37	100	0	2	1	17
2912	-1	2490	1969	406	1292	40	100	0	2	1	20
2912	-1	2496	1868	401	1292	43	100	0	2	1	23
2912	-1	2508	1849	390	1292	46	100	0	2	1	26
2912	-1	2513	1964	365	1292	49	100	0	2	1	29
2912	-1	2512	1961	360	1292	52	100	0	2	1	32
2912	-1	2515	1959	336	1292	55	100	0	2	1	35
2912	-1	2515	1940	327	1292	57	100	2	0	1	37
2912	-1	2523	1940	319	1292	59	100	0	2	1	39
2912	-1	2523	1695	302	1292	62	100	3	0	1	42
2912	-1	2523	1924	291	1292	64	100	5	0	1	44
2912	-1	2544	1924	275	1292	66	100	0	2	1	46
2912	-1	2546	1926	267	1292	69	100	0	2	1	49
2912	-1	2540	1928	261	1292	72	100	0	2	1	52
2912	-1	2587	1913	256	1292	75	100	0	2	1	55
2912	-1	2564	1895	252	1292	78	100	0	2	1	58
2912	-1	2552	1902	234	1292	81	100	0	2	1	61
2912	-1	2552	1890	235	1292	84	100	0	2	1	64
2912	-1	2554	1872	233	1292	87	100	0	2	1	67
2912	-1	2555	1867	224	1292	90	100	0	2	1	70
2912	-1	2560	1861	220	1292	93	100	0	2	1	73
2912	-1	214748364	1852	218	1292	96	100	0	2	1	76
2912	-1	2595	1852	215	1292	98	100	0	4	1	78
3438	-1	2595	1831	223	1292	0	100	3	2	1	81
3448	-1	2595	1831	222	1292	0	100	5	4	1	83
3460	-1	2595	1814	232	1292	0	100	8	2	1	86
3462	-1	2594	1798	237	1292	0	100	3	2	1	90
3462	-1	2560	1778	251	1292	3	100	0	2	1	93
3462	-1	214748364	1760	260	1727	7	100	0	3	2	1
3480	-1	214748364	1748	277	1727	0	100	3	2	1	4
3480	-1	2548	1748	300	1727	3	100	2	5	0	7
3503	-1	2548	1748	300	1727	0	100	3	6	1	8
3518	-1	2548	1748	313	1727	0	100	5	8	1	10
3517	-1	2548	1697	313	1727	0	100	7	1	3	12
3519	-1	2529	1697	337	1770	0	100	3	5	2	1
3514	-1	2525	1697	355	1770	0	100	2	8	1	4
3514	-1	2506	1413	371	1770	3	100	0	2	1	7
3514	-1	2506	1615	371	1770	5	100	2	0	3	9
3514	-1	2477	1615	397	1770	7	100	0	2	1	11
3514	-1	2477	1596	407	1770	10	100	3	0	1	14
3514	-1	2450	1596	435	1770	12	100	0	2	1	16
3523	-1	2450	1576	448	1770	0	100	3	2	1	19
3523	-1	2438	1566	464	1770	3	100	0	2	1	22
3577	-1	2438	1566	482	1770	0	100	2	4	1	24
3531	-1	2427	1566	502	1770	0	100	2	7	1	27
3519	-1	2422	1566	517	1770	0	100	2	10	1	30
3525	-1	2422	1566	530	1770	0	100	4	12	1	32
3525	-1	2403	1566	560	1770	3	100	2	15	0	35
3525	-1	2403	1446	560	1770	4	100	3	0	1	36
3645	-1	2403	1446	578	1770	0	100	5	2	1	38
3526	-1	2365	1426	603	1770	0	100	3	2	1	42
3537	-1	2345	214748364	615	1770	0	100	3	2	1	46
3537	-1	2275	214748364	634	1770	2	100	0	4	1	48
3537	-1	2276	1244	644	1770	5	100	0	2	1	51
3537	-1	2276	1244	676	1770	7	100	2	4	0	53
3584	-1	2276	1244	676	1770	0	100	3	5	1	54
3584	-1	2276	1244	690	1860	0	100	6	8	2	1
3580	-1	2276	1319	701	1860	0	100	9	2	1	4
3579	-1	2276	1302	720	1860	0	100	12	2	1	7
3583	-1	2276	1302	741	1860	0	100	14	4	1	9
3580	-1	2258	1274	757	1860	0	100	3	2	1	13
3470	-1	2229	1249	775	1860	0	100	3	2	1	17
3596	-1	2229	1227	785	1860	0	100	6	2	1	20
3604	-1	2229	1217	797	1860	0	100	9	2	1	23
3615	-1	2229	1194	815	1860	0	100	12	2	1	26
3622	-1	2153	1174	830	1860	0	100	3	2	1	30
3627	-1	2153	1152	848	1860	0	100	6	2	1	33
3626	-1	214748364	1158	866	2004	0	100	4	3	2	1
3630	-1	214748364	1143	785	2004	0	100	7	2	1	4
3640	-1	214748364	1127	903	2004	0	100	10	2	1	7
3643	-1	214748364	1113	921	2004	0	100	13	2	1	10
3649	-1	214748364	1087	944	2004	0	100	16	2	1	13
3629	-1	214748364	1066	961	2004	0	100	19	2	1	16
3642	-1	214748364	1050	969	2004	0	100	22	2	1	19
3642	-1	214748364	928	985	2004	0	100	25	2	1	22
3642	-1	214748364	993	1000	2004	3	100	28	0	1	25
3642	-1	2089	993	1016	2004	5	100	0	2	1	27
3655	-1	2089	981	1030	2004	0	100	3	2	1	30
3685	-1	2089	967	1051	2004	0	100	6	2	1	33
3685	-1	2060	936	1067	2004	4	100	3	0	1	37
3741	-1	2060	936	1080	2004	0	100	5	2	1	39
3741	-1	1842	920	1099	2004	3	100	0	2	1	42
3741	-1	1992	905	1116	2004	6	100	0	2	1	45
3741	-1	1981	890	1140	2121	10	100	0	3	2	1
3712	-1	1981	876	1147	2121	0	100	3	2	1	4
3712	-1	1995	854	1166	2121	4	100	0	2	1	8
3712	-1	1995	616	1177	2121	7	100	0	2	1	11
3712	-1	1995	583	1186	2121	10	100	3	0	1	14
3712	-1	1995	794	1208	2121	12	100	5	0	1	16
3712	-1	1995	775	1226	2121	14	100	7	0	1	18
3712	-1	1995	775	1264	2121	16	100	9	2	0	20
3705	-1	1995	775	1264	2121	0	100	10	3	1	21
3722	-1	1949	743	1282	2121	0	100	3	2	1	25
3708	-1	1949	727	1297	2121	0	100	6	2	1	28
3790	-1	1925	710	1309	2121	0	100	3	2	1	32
3753	-1	1925	651	1327	2121	0	100	6	2	1	35
3788	-1	1880	681	1341	2121	0	100	3	2	1	39
3765	-1	1945	670	1357	2121	0	100	3	2	1	43
3765	-1	1912	659	1357	2121	3	100	0	1	4	46
3755	-1	1912	659	214748364	2121	0	100	2	3	1	48
3676	-1	1905	659	1400	2121	0	100	2	6	1	51
3768	-1	1905	659	1400	2121	0	100	3	7	2	52
3672	-1	1905	590	1312	2121	0	100	6	2	1	55
3672	-1	1846	576	1417	2121	3	100	0	2	1	58
3773	-1	1846	563	1466	2121	0	100	3	2	1	61
3773	-1	1846	535	1373	2121	3	100	6	0	1	64
3773	-1	1831	535	1492	2121	5	100	0	2	1	66
3873	-1	1831	517	1492	2121	0	100	2	1	3	68
3823	-1	1853	279	1514	2121	0	100	3	2	1	72
3821	-1	1853	494	1514	2121	0	100	5	1	3	74
3840	-1	1832	473	1514	2121	0	100	2	1	6	77
3840	-1	1832	443	1514	2121	2	100	4	0	8	79
3840	-1	1832	428	1514	2121	3	100	5	0	9	80
3840	-1	1832	396	1514	2121	4	100	6	0	10	81
3840	-1	1832	377	1514	2121	5	100	7	0	11	82
3829	-1	1832	377	1652	2121	0	100	9	2	1	84
3844	-1	1777	363	1667	2121	0	100	3	2	1	88
3850	-1	1777	344	1567	2121	0	100	6	2	1	91
3866	-1	1777	335	1567	2488	0	100	9	2	4	1
3858	-1	1777	324	1708	2488	0	100	12	2	1	4
3861	-1	1757	309	1708	2488	0	100	2	1	4	7
3865	-1	1757	298	1605	2488	0	100	5	2	1	10
3865	-1	1757	276	1746	2488	3	100	8	0	1	13
3871	-1	1757	276	1746	2488	0	100	9	1	2	14
3861	-1	1757	261	1746	2488	0	100	11	1	4	16
3849	-1	1713	249	1746	2488	0	100	2	1	7	19
3849	-1	1713	239	1746	2488	0	100	4	1	9	21
3854	-1	1713	230	1746	2488	0	100	6	1	11	23
3861	-1	1713	225	1839	2488	0	100	9	2	1	26
3861	-1	1713	213	1839	2488	2	100	11	0	3	28
3841	-1	1713	213	1839	2488	0	100	12	1	4	29
3843	-1	1713	212	1872	2488	0	100	15	2	1	32
3845	-1	1713	206	1872	2488	0	100	17	1	3	34
3845	-1	1713	205	1872	2488	2	100	19	0	5	36
3830	-1	1713	205	1872	2488	0	100	20	1	6	37
3830	-1	1713	199	1872	2488	2	100	22	0	8	39
3829	-1	1713	199	1872	2545	0	100	24	2	10	1
3823	-1	1713	201	1872	2545	0	100	26	1	12	3
3823	-1	1713	213	1872	2514	3	100	29	0	15	1
3823	-1	1713	224	1943	2514	5	100	31	0	1	3
3823	-1	1713	232	1943	2538	7	100	33	0	3	1
3435	-1	1713	232	1943	2538	0	100	34	1	4	2
3366	-1	1713	668	1919	2538	0	100	37	2	1	5
3366	-1	1713	688	1920	1943	4	100	41	3	0	1
3348	-1	1713	688	1920	2102	0	100	43	5	2	1
3327	-1	1713	724	1915	2102	0	100	46	2	1	4
3290	-1	1713	745	1905	2102	0	100	49	2	1	7
3262	-1	1713	745	1907	2072	0	100	52	5	2	1
3236	-1	1713	745	1902	2072	0	100	54	7	1	3
3210	-1	1713	828	1900	2072	0	100	57	2	1	6
3155	-1	1713	845	1897	2010	0	100	61	3	2	1
3162	-1	1713	875	1891	1993	0	100	65	3	2	1
3125	-1	1053	905	1755	1963	0	100	4	3	2	1
3096	-1	1029	925	1882	1959	0	100	4	3	2	1
3072	-1	1057	946	1875	1878	0	100	4	3	2	1
3040	-1	1033	978	1870	1839	0	100	4	3	2	1
3012	-1	997	1012	1869	1839	0	100	3	2	1	5
3012	-1	1005	1037	1871	1839	4	100	0	2	1	9
2954	-1	1005	1056	43	1839	0	100	3	2	1	12
2921	-1	975	1089	1864	1747	0	100	4	3	2	1
2887	-1	935	1120	1861	1734	0	100	4	3	2	1
2739	-1	960	1149	1863	1702	0	100	4	3	2	1
2827	-1	951	1186	1866	1666	0	100	4	3	2	1
2794	-1	926	1215	1862	1666	0	100	3	2	1	5
2794	-1	928	1238	1860	1602	5	100	0	3	2	1
2794	-1	919	1271	1861	1575	9	100	0	3	2	1
2701	-1	919	1306	1857	1554	0	100	4	3	2	1
2665	-1	924	1306	1870	1529	0	100	3	7	2	1
2665	-1	926	1360	1870	1499	5	100	0	3	2	1
2594	-1	926	1406	1870	1478	0	100	3	2	5	1
2594	-1	935	1427	1870	1456	4	100	0	2	9	1
2527	-1	935	1453	1870	1423	0	100	3	2	12	1
2498	-1	943	1453	1870	1385	0	100	2	5	15	1
2498	-1	949	1596	1870	1366	4	100	0	2	19	1
2435	-1	949	1634	1870	1339	0	100	3	2	22	1
2397	-1	918	1628	1870	1308	0	100	3	2	26	1
2371	-1	961	1610	1870	1283	0	100	3	2	30	1
2340	-1	968	1610	1870	1262	0	100	2	5	33	1
2309	-1	984	1668	1870	1229	0	100	3	2	37	1
2276	-1	984	1668	1870	1210	0	100	5	4	39	1
2241	-1	1016	1668	1870	1177	0	100	2	7	42	1
2203	-1	939	1668	1870	1151	0	100	2	10	45	1
2183	-1	1055	1668	1870	1124	0	100	2	13	48	1
2147	-1	1072	1851	1870	1099	0	100	3	2	52	1
2112	-1	1084	1851	1870	1079	0	100	2	5	55	1
2077	-1	1103	1851	1870	1056	0	100	2	8	58	1
2048	-1	1123	1938	1870	1028	0	100	3	2	62	1
2019	-1	1144	1938	1870	1007	0	100	2	5	65	1
1995	-1	1144	1938	1870	986	0	100	4	7	67	1
1149	-1	1144	1938	1870	986	0	100	5	8	68	2
1133	-1	1144	1938	1870	757	0	100	7	10	70	1
1095	-1	1913	1938	1870	796	0	100	2	13	73	1
1074	-1	1951	1938	1870	785	0	100	2	16	76	1
1041	-1	1984	1938	1870	805	0	100	2	19	79	1
1034	-1	2013	1938	1870	811	0	100	2	22	82	1
975	-1	2013	1938	1870	846	0	100	4	24	84	1
959	-1	2013	1938	1870	860	0	100	6	26	86	1
918	-1	2013	1938	2645	860	0	100	9	29	2	1
934	-1	2108	1938	2663	860	0	100	2	32	1	4
886	-1	2108	1938	2663	860	0	100	3	33	2	5
852	-1	2108	1938	2663	860	0	100	4	34	3	6
815	-1	2185	3274	2663	860	0	100	2	1	6	9
799	-1	2212	3303	2663	860	0	100	2	1	9	12
775	-1	2187	3303	2663	860	0	100	1	3	11	14
753	-1	2258	3303	2663	860	0	100	1	5	13	16
728	-1	2258	3303	2663	860	0	100	2	6	14	17
705	-1	2298	3303	2663	860	0	100	1	8	16	19
677	-1	2298	3303	2663	860	0	100	2	9	17	20
664	-1	2298	3303	2663	860	0	100	3	10	18	21
639	-1	2298	3303	2663	860	0	100	4	11	19	22
616	-1	2364	3303	2663	860	0	100	1	13	21	24
586	-1	2377	3303	2663	860	0	100	1	15	23	26
566	-1	2377	3303	2663	860	0	100	1	17	25	28
549	-1	2389	3303	2663	860	0	100	1	19	27	30
539	-1	2291	3303	2663	860	0	100	1	21	29	32
513	-1	2291	3303	2663	860	0	100	2	22	30	33
494	-1	2405	3303	2663	860	0	100	1	24	32	35
474	-1	2414	3303	2663	860	0	100	1	26	34	37
459	-1	2459	3303	2663	1292	0	100	2	29	37	1
445	-1	2407	3303	2663	1292	0	100	1	31	39	3
426	-1	2407	3303	3112	1292	0	100	3	33	1	5
412	-1	2428	3303	3112	1292	0	100	1	35	3	7
395	-1	2428	3303	3112	1292	0	100	2	36	4	8
381	-1	2455	3303	3112	1292	0	100	1	38	6	10
369	-1	2431	3303	3112	1292	0	100	1	40	8	12
354	-1	2462	3303	3205	1292	0	100	2	43	1	15
346	-1	2437	3303	3205	1292	0	100	1	45	3	17
338	-1	2437	3303	3234	1292	0	100	3	47	1	19
334	-1	2437	3303	3234	1292	0	100	4	48	2	20
329	-1	2437	3303	3266	1292	0	100	6	50	1	22
322	-1	2212	3303	3282	1292	0	100	2	53	1	25
319	-1	2212	3303	3299	1292	0	100	4	55	1	27
311	-1	2120	3303	3299	1292	0	100	1	57	3	29
308	-1	2463	3802	3299	1292	0	100	2	1	6	32
304	-1	2423	3812	3328	1292	0	100	3	2	1	36
303	-1	2465	3812	3328	1292	0	100	1	4	3	38
306	-1	2464	3812	3328	1292	0	100	1	6	5	40
312	-1	2397	3812	3387	1292	0	100	2	9	1	43
318	-1	2427	3812	3387	1292	0	100	1	11	3	45
328	-1	2416	3812	3389	1292	0	100	2	14	1	48
331	-1	2439	3812	3389	1292	0	100	1	16	3	50
341	-1	2439	3808	3402	1292	0	100	4	2	1	53
356	-1	2439	3808	3407	1292	0	100	6	4	1	55
364	-1	2387	3763	3407	1292	0	100	2	1	4	58
374	-1	2380	3763	3407	1292	0	100	1	3	6	60
384	-1	2374	3728	3407	1292	0	100	2	1	9	63
397	-1	2374	3776	3459	1292	0	100	5	2	1	66
410	-1	2356	3758	3459	1292	0	100	2	1	4	69
422	-1	2353	3758	3459	1703	0	100	2	4	7	1
436	-1	2353	3758	3459	1703	0	100	3	5	8	2
451	-1	2353	3758	3459	1703	0	100	4	6	9	3
466	-1	2353	3788	3459	1703	0	100	6	1	11	5
479	-1	2353	3788	3459	1703	0	100	7	2	12	6
488	-1	2142	3770	3459	1703	0	100	2	1	15	9
506	-1	2142	3752	3459	1703	0	100	4	1	17	11
515	-1	2142	3752	3459	1703	0	100	5	2	18	12
530	-1	2309	3769	3459	1810	0	100	3	2	22	1
546	-1	2301	3769	3459	1810	0	100	1	4	24	3
564	-1	2301	3769	3537	1810	0	100	3	6	1	5
578	-1	2301	3769	3537	1780	0	100	5	8	3	1
589	-1	2301	3674	3533	1780	0	100	8	2	1	4
609	-1	2301	3753	3538	1780	0	100	11	2	1	7
630	-1	2242	3702	3538	1780	0	100	2	1	4	10
578	-1	2262	3702	3554	1780	0	100	2	4	1	13
655	-1	2211	3702	3554	1780	0	100	1	6	3	15
669	-1	2211	3736	3554	1752	0	100	4	2	6	1
693	-1	2211	3665	3554	1752	0	100	6	1	8	3
712	-1	2211	3719	3554	1752	0	100	8	1	10	5
721	-1	2211	3679	3556	1752	0	100	11	2	1	8
741	-1	2180	3668	3556	1752	0	100	2	1	4	11
751	-1	2174	3668	3556	1752	0	100	1	3	6	13
766	-1	2174	3668	3556	1752	0	100	2	4	7	14
782	-1	2174	3668	3556	1752	0	100	3	5	8	15
791	-1	2162	3668	3568	1752	0	100	2	8	1	18
801	-1	2165	3628	3566	1752	0	100	3	2	1	22
818	-1	2158	3628	3566	1752	0	100	1	4	3	24
829	-1	2149	3628	3566	1752	0	100	1	6	5	26
843	-1	2149	3628	3566	1752	0	100	2	7	6	27
857	-1	2099	3628	3566	1752	0	100	1	9	8	29
883	-1	2091	3628	3566	1752	0	100	1	11	10	31
897	-1	2082	3628	3566	1752	0	100	1	13	12	33
907	-1	2078	3628	3566	1752	0	100	1	15	14	35
913	-1	2070	3615	3566	1752	0	100	2	1	17	38
928	-1	2064	3615	3566	1967	0	100	2	4	20	1
937	-1	2067	3615	3566	1967	0	100	1	6	22	3
943	-1	2055	3615	3566	1984	0	100	2	9	25	1
954	-1	2056	3602	3650	1984	0	100	3	2	1	5
968	-1	2047	3602	3655	1984	0	100	2	5	1	8
979	-1	2044	3602	3655	1984	0	100	1	7	3	10
982	-1	1791	3602	3655	2022	0	100	2	10	6	1
997	-1	2029	3602	3655	2022	0	100	1	12	8	3
1003	-1	2024	3602	3655	2022	0	100	1	14	10	5
1012	-1	2024	3602	3655	2022	0	100	2	15	11	6
1015	-1	2020	3602	3655	2022	0	100	1	17	13	8
1030	-1	2008	3602	3655	2022	0	100	1	19	15	10
1030	-1	1901	3602	3655	2022	0	100	1	21	17	12
1032	-1	1901	3602	3655	2022	0	100	2	22	18	13
1032	-1	1995	3602	3655	2012	3	100	0	25	21	1
1032	-1	2001	3602	3655	2012	4	100	0	26	22	2
1051	-1	2001	3602	3655	2012	0	100	1	27	23	3
1057	-1	1999	3602	3655	2012	0	100	1	29	25	5
1057	-1	1921	3602	3655	2012	0	100	1	31	27	7
1057	-1	1984	3602	3655	2012	0	100	1	33	29	9
873	-1	1994	3602	3661	2012	0	100	2	36	1	12
1060	-1	1989	3602	3661	2012	0	100	1	38	3	14
1061	-1	1989	3602	3654	2012	0	100	3	40	1	16
1059	-1	1989	3602	3744	2012	0	100	5	42	1	18
1057	-1	1993	3602	3655	2012	0	100	2	45	1	21
1062	-1	1993	3602	3655	2064	0	100	5	48	2	1
1057	-1	2004	3602	3655	2064	0	100	1	50	4	3
847	-1	2004	3552	3655	2072	0	100	4	2	7	1
1064	-1	1997	3608	3679	2072	0	100	3	2	1	5
1064	-1	2053	3608	3679	2072	2	100	0	4	3	7
1043	-1	2053	3608	3679	2072	0	100	1	5	4	8
1044	-1	2053	3608	3679	2072	0	100	2	6	5	9
1034	-1	2056	3608	3679	2072	0	100	1	8	7	11
1080	-1	2056	3608	3679	2072	0	100	2	9	8	12
1027	-1	2056	3608	3679	2072	0	100	3	10	9	13
1048	-1	2042	3608	3679	2072	0	100	1	12	11	15
1093	-1	2034	3608	3679	2072	0	100	1	14	13	17
1148	-1	2034	3608	3679	2072	0	100	2	15	14	18
1023	-1	2034	3608	3679	2072	0	100	3	16	15	19
1038	-1	2034	3608	3679	2072	0	100	4	17	16	20
1047	-1	2034	3608	3679	2072	0	100	5	18	17	21
1053	-1	2056	3608	3679	2072	0	100	1	20	19	23
1047	-1	2056	3608	3679	2072	0	100	2	21	20	24
1116	-1	2041	3608	3679	2072	0	100	1	23	22	26
1059	-1	2035	3608	3679	2072	0	100	1	25	24	28
1055	-1	2038	3608	3679	2072	0	100	1	27	26	30
1064	-1	1925	3608	3679	2072	0	100	1	29	28	32
1067	-1	1925	3592	3679	2072	0	100	3	1	30	34
1061	-1	1925	3584	3679	2072	0	100	5	1	32	36
1064	-1	1925	3584	3679	2072	0	100	6	2	33	37
1065	-1	1925	3584	3679	2072	0	100	7	3	34	38
1062	-1	1925	3584	3679	2072	0	100	8	4	35	39
1058	-1	1925	3584	3679	2072	0	100	9	5	36	40
1063	-1	1925	3584	3679	2072	0	100	10	6	37	41
1064	-1	1925	3584	3679	2072	0	100	11	7	38	42
1067	-1	2010	3584	3679	2072	0	100	1	9	40	44
1074	-1	2001	3584	3679	2072	0	100	1	11	42	46
1080	-1	2001	3584	3679	2072	0	100	2	12	43	47
1077	-1	2000	3584	3679	2072	0	100	1	14	45	49
1073	-1	2000	3584	3679	2072	0	100	2	15	46	50
1078	-1	2000	3584	3679	2072	0	100	3	16	47	51
1076	-1	1985	3584	3679	2072	0	100	1	18	49	53
1077	-1	1985	3584	3679	2072	0	100	2	19	50	54
1081	-1	1992	3584	3679	2072	0	100	1	21	52	56
1082	-1	1993	3584	3679	2072	0	100	1	23	54	58
1081	-1	1993	3584	3679	2072	0	100	2	24	55	59
1078	-1	1988	3584	3679	2072	0	100	1	26	57	61
